,feature_name,occurrence,repreducibility (%)
0,ASV_4,15,88.23529411764706
1,ASV_26,4,23.52941176470588
2,ASV_28,17,100.0
3,ASV_38,16,94.11764705882352
4,ASV_71,14,82.35294117647058
5,ASV_52,16,94.11764705882352
6,ASV_8,8,47.05882352941176
