,ASV_1,ASV_15,ASV_2
scaler,0.067225956,0.016136464,0.077434767